id,version
Glaciaxion.SunsetRay,1
EradicationCatastrophe.NceS,1
Credits.Frums,1
Dlyrotz.Likey,1
EnginexStartmelodymix.CrossingSound,1
光.姜米條,1
Wintercube.CtymaxfeatNceS,1
Cipher20.TetrajectoryfeatCtymax,1
混乱Confusion.OnlyMyBlackScore,1
FULiAUTOSHOOTER.MYUKKE,1
HumaN.SOTUI,1
PRAW.Bluewind,1
PixelRebelz.Normal1zer,1
Cereris.SunsetRayNceS,1
NonMelodicRagezMUGEdit.Normal1zer,1
SultanRage.MonstDeath,3
ClassMemories.AntistarfeatCtymax,3
SURREALISM.Itsuki,3
BonusTime.MegaloPaleWhite,3
ENERGYSYNERGYMATRIX.Tanchiky,3
NYA.FLuoRiTe姜米條,12
JunXionBetweenLifeAndDeathVIPMix.1N6Fs,12
cryout.JuE,12
Reimei.影虎,12
尊師TheGuru.rider,12
Spasmodic.姜米條颶風元力上人,12
LeaveAllBehind.rider,24
ColorfulDays.P4koofeatつゆり花鈴,26
microwav.dandeless,26
重生.姜米條,26
NOONEYESMAN.MYUKKE,26
望影の方舟Six.SeURa,26
Igallta.SeURa,26
ClockParadox.WyvernP,51
Chronologika.Hundotte,51
NickofTime.P4koo,51
Chronomia.Lime,51
ChronosCollapseLaCampanella.SunsetRay,51
Rrharil.TeamGrimoire,51
CraveWave.LandRoot,78
TheChariotREVIIVAL.Attoclef,78
Luminescence.米虾Fomiki初云CLoudie,78
Retribution.nmyKryexe,78
DESTRUCTION321.Normal1zervsBrokenNerdz,78
DistortedFate.Sakuzyo,78
Doppelganger.LeaF,1
もぺもぺ.LeaF,1
MARENOL.LeaF,1
萤火虫の怨.闫东炜,1
万吨匿名信.闫东炜,1
风屿.闫东炜,1
dBdoll.YUESTEVENuen,1
Dash.小红Akane李祥辉,1
云女孩.符白牙SiYFics,1
DropIt.Asuka,1
RIPPER.Friedwav,1
Aphasia.闫东炜,5
开心病.闫东炜,5
華灯爱.闫东炜,5
FindMe.Kforest,6
Sein.朔Apo11oprogramvsお月さま交響曲ftkuroa荒巻,6
狂喜蘭舞.LeaF,6
SparkleNewLife.rider,6
KhronostasisKatharsis.Halv,8
SnowDesert.WyvernP,9
Burn.NceS,9
Aleph0.LeaF,10
NextTime.SaMZIng,15
RubbishSorting.CtymaxvsNceS,15
AnotherMe.NeutralMoon,16
mechanted.rareguy,16
lifeflashesbeforeweebeyes.BilliumMoto,16
BreakThroughTheBarrier.lixound,16
Chronostasis.黒皇帝,16
DeadSoul.SoundSouler,17
InfinityHeaven.HyuN,18
Disorder.HyuNfeatYURI,18
CROSSSOUL.HyuNfeatSyepias,18
SpeedUp.DarTokki,19
MagentaPotion.EmoCo,19
GetBack.CAP3,21
Palescreen.WyvernPfeatMadol,22
GOODTEK.EBIMAYO,25
GOODBOUNCE.EBIMAYO,25
GOODWORLD.EBIMAYO,25
GOODFORTUNE.EBIMAYO,25
GOODRAGE.EBIMAYO,25
TheMountainEater.PaulBazooka,26
Orthodox.tokiwa,29
EndMe.ZxNXasDelaina,29
ParallelRetrogressionGameVer.Tetrajectory,30
Starduster.Quree,30
Electron.ElousFZ,35
SIGMA.Kryexe,35
HardcoreKwaya.EnFr,37
Aventyr.GrandThawRigelTheatre,38
Trane.MALVA,38
雪降りメリクリ.A39,38
CervelleConnexion.SCTL,39
modulus.PTB10,39
Wavetapper.Frums,42
大和撫子WildDances.adapatorvsDRIVE,44
Eltaw.Fl00t,44
Initialize.iF,45
桜樹街道.kozatosnow,45
GetReady.iF,45
volcanic.DETROakaルゼ,45
BetterGraphicAnimation.ルゼ,45
XING.ginkiha,47
FinalStep.Lime,47
Cthugha.USAO,47
WithYou.Cashew,48
UnorthodoxThoughts.Joulez,48
Apocalyptic.ZClaxxSumaiLight,49
游园地.椒盐菠萝,49
energytrixxx.KAH,50
Nhelv.Silentroom,51
Arkhei.SeraAmagi,51
Kerberos.Zris,51
parsey.siqlo,52
Concvssion.Halv,53
ジングルベルJingleBell.A39沙包P,53
TimetoNightSkyfeatLeeYuJin.HyuNKLYDIX,53
HAZARD.Limpid,53
AnotherMe.DAAN,53
DontNeverAround.HAMA,53
RESSiSTANCE.ぐるたみん,53
Dreamland.z1onkyrrin,54
AnotherRound.JustinDai,54
996.李化禹,54
FutureMind.RayNauticaRekuMochizuki,55
Luminescent.Daison,56
FULiAUTOBUSTER.MYUKKE,57
IMustSayNo.TangJuan,59
opia.rN,59
Apocalypse.アリスシャッハと魔法の楽団,60
Protoflicker.Silentroom,60
HorizonBlue.NothingButRequiemfeatAikapinChiyoko,60
YouaretheMiserable.tpazolite,60
Stasis.Maozon,60
いざ参ります.Uskefeat棗いつき,61
月下缭乱.月見静華vsLUNARiUM,62
OnAndOn.ETIAfeatJenga,63
DataErr0r.Cosmograph,64
Shadow.SumaiLightvs姜米條,41
心之所向.姜米條,64
inferior.姜米條,64
csqn.Aoi,65
BraveNotes.TurquoiseDRIVENota,65
盏茗.茶鸣拾贰律,66
青芽.茶鸣拾贰律,66
EternalSnow.AbyssIdols,68
RainySeason.AbyssIdols,68
ElCondorPasaPhigrosEdit.PlasticFruits,69
BreakOver.Kforest,69
BelieveLightfeat果丸哒呦.ScalerMestie果丸哒呦,70
Pontdessouvenirs.VeetaCrushvsitsufeatitsu,70
青丘.BLACK0,71
瓷岁.茶鸣拾贰律,72
Feast远东之宴.茶鸣拾贰律,72
インフェルノシティ.Ponchifeatはぁち,73
Upshift.Iriss-Frantzz,73
PoisonANDORAffection.LeaF,73
Random.SobremSilentroom,77
零號車輛.seatrus,77
NowIsTheTimeDoIt.RoyMikelate,80
Bougainvillea.Jade,80
神話.PicaM2U,82
Elúltimobaile.Θ,82
Trojan.litmus,82
TemporalShifting.LureRabbitVC,82
Adastraperaspera.RabbitHouse,82
Ajourneytothemoonlight.Yesod,82
RainyHeart.BelieverInYou阿卡姆巫师,83
Realms.HinkikAHimitsu,83
ぱぴぷぴぷぴぱ.ころねぽちWith立秋,85
TriumphRegret.typeMARS,86
SATELLITE.かめりあ,87
DancewithSilence.かめりあ,87
LabyrinthinKowloonWalledWorld.かめりあ,87
ComputeItWithSomeDevilishAlcoholicSteampunkEngines.かめりあ,87
ERABYECONNEC10N.かめりあ,87
DiamondEyes.SYNTHETIC,89
Bitterblossom.imvi,89
SilenceisGoldenSpeechisGolden.NIWASHI,90
FracturedAngel.DJRaisei,90
JourneywithYou.Iris,91
SecretIllumination.Yooh,91
InvertedWorld.ARForest,91
月詠に鳴る.Feryquitousfeat藍月なくる,111
TECHNOPOLIS2085.PRASTIKDANCEFLOOR,92
祈-我ら神祖と共に歩む者なり-.光吉猛修VS穴山大輔VSKaiVS水野健治VS大国奏音,92
bye.DingerBox,93
聖夜讃歌.A39沙包P,93
ストレイソウルアラウンド.みーに,94
ManifoldHypothesis.cybermisofeattigerlily,94
KMoeVIP.ZxNX,94
GVNGlitterVomitusandNeon.SaltySaltUnfold33,95
CrushBETA.shadow_bling,95
BrokenSky.JungoMAX3feat刘佳宜Snow幻影刃shadow,99
BRAINHACKER.SOMON,100
Xenolith.Tatsh,101
ArtificialExistence.JunKuroda,101
IndelibleScar.Noah,101
Antithese.Blacklolita,102
PRAGMATISMRESURRECTION.Laur,102
ShineAfter.ADeanJocularACE,103
Bloom.targ麻团qwq,104
幽世桔梗.Capchiifeatまるもこ,105
千紫万紅.r0yvsWABI,105
明鏡烈火.MUEvsRekuMochizuki,105
今天不是明天.PIKASONICfeat兰音Reine,106
Cuvism.Fl00tvsHalv,108
iLArtifact.Link0,108
atruthseekerCommunicationwithUtopiawillbelost.kuro,108
BoundedQuietude.FiniteLimitvsSiLiS,108
君往何处QuoVadis.M2U,109
暗夜苏醒REANIMATE.Warak,109
Grimheart.Puru,111
Thrashforce.KAHvsE0ri4,113
Originally.SNKSMizku,113
黄金之城GOLDTOWN.Memme,115
双重间谍DoubleAgent.WAVAV,115
幻影鬼魅PLEASE.R300K,115
Schadenfreude.ZxNX,116
Letempsperdu.Daison,116
FixationsTowardtheStars.Foodbot,118
valorstarcross.LundyvsWyvren,118
CometFeat符白牙.CNHKSS,118
白と黒のバケモノ.テヅカ,119
Devotion.Connexio,119
KirakiraNoelStory.RekuMochizuki,119
Shelter.MeatyRabbitNceS,121
蝎虎天体Lacertid.CreamvsDaily天利,121
贝多芬祝福BeethovenBlessing.Nauts,122
インマイマインド.レシオP,122
ニライカナイNiraicA_naiMix.roopfromSTR,122
SwingSkipDrop.ミハイル,124
宇宙残骸少女CosmicDustyGirl.辻原一郎,124
Resolver.Gomadare,125
LuminousEntitiesLostHeart.NormalMfeatUsagiDenki,125
KIZUNAResolution.TAG,125
AbsoluTedisoRdeR.AcuteDisarray,125
AphroditesChildshortver.RUQOA,126
DevIAtiOnshortver.polysha,126
NOx.Juggernaut,126
Aliceinaxxxxxxxx.Nagiha,127
Radiance.Nhato,128
DiamondDust.MasahiroGodspeedAoki,128
StardustRAY.kanonevsBlackY,128
FrozenHeart.A39沙包P,129
Helios.NOABotaNya,130
FlutterEcho.Cansol,131
Rebirth.ああああ,131
AvataarReincarnationofKalpa.ScarletteakaCrYmson,131
雪降り雪が降っている.AiSSw夜輪ft結月ゆかり,132
RetributionCycleofRedemption.ArdolfvsDaily天利,132
アンビバレンス.すりぃ相沢,133
Komplexe.雄之助featSennzai,133
slips.rintarosoma,133
QZKagoRequiem.tpazolite,133
SolaggyfeatUzumaki.ShrimpCatsはぁち後藤涼輔,134
000AinSophAur.Yumeji,134
Xepion.Acotto,135
Archidoxen.Se_IRA,135
百鬼夜行.SaladSavior,135
BANGINGSTRIKE.DewPleiades,135
TheWholeRest.KIVΛ,137
Cristalisia.onoken,137
Hydra.JamesLandinoXAkiraComplex,137
最高傑作.PYKAMIA,138
Locomotive.K,138
Alb.Avans,140
Incyde.YbeLL,140
彩.MisoilePunch,140
彼方へ名もなき海辺より.打打だいず&月乃,141
ABYSSMOTION192333.ariiolTSAR奏Sou,141
Xenophobia.XinG,142
Verruckt.Raimukun,142
AfterZABANIYAMUGEdit.Daily天利,143
下一秒.BobHouSherlock卓智媛feat兰音Reine,145
玩具狂奏曲終焉.きくお,145
SnowDance.悠叶いのり,148
亂舞.NekockLK,148
Cleyera.Riya,151
70MinutesFighters.かたぎり,151
GungnirFracture.Kryexe,152
夢の降る日に.seatrus,152
DerSchneid.Ωμεγα,152
星拂云锦featkoi.S9ryne,153
NWAD.Knighthood,154
DevastatingHistory.NAMV,154
Poseidon.1112vsStar,36
WATER.A39沙包P,36
MiracleForestVIPMix.Rinthlive,36
MOBILYS.Dachs,36
Lyrith迷宮リリス.ユメミド,36
Demiurge.Rabpit,56
Demonkin.ForgedReigns,58
Re_NascencePsystyleVer.Rinth_live,58
Ark.kanoryo,58
AfterDawn.S9ryne,58
INFiNiTEENERZYOverdoze.RekuMochizuki,58
Khalid.Dolphin,96
QuantumHyperspace.D_AAN,96
FreakyUndulationsNobleKnightsofTune.JehezukielKURORAK,96
PANICPARADISE.DJSHIONY,96
ReEndofaDream.umavsモリモリあつし,96
心の記憶.A39沙包P,111
Spotlight.Ardolf,111
NightTheater.わかどり,111
Ramification.rareguyReina,111
DerRichter.Ωμεγα,111
ATHAZA.LeaF,111
